DL1,DL2,DL3,DL4,DL5,DL6,DL7,DL8,DL9,DL10,DL11,DL12,DL13,DL14
1e+20,2.1609e+10,1.84e+10,60.48,68.486,1.9607e+10,24.63,1.4873e+10,17.552,12.37,12.893,10.63,19.309,6.991
1e+20,1.8081e+10,1.5526e+10,49.412,55.451,1.6884e+10,20.892,1.3127e+10,14.871,10.607,11.217,9.4352,16.824,6.096
1e+20,1.2992e+10,1.1323e+10,34.286,37.876,1.2673e+10,15.366,1.027e+10,10.94,7.9528,8.5853,7.4558,12.907,4.7082
1e+20,1.601e+11,5.1957e+10,148.25,122.94,3.3691e+10,47.131,2.3713e+10,32.819,21.453,20.902,15.586,30.671,10.842
1e+20,1.587e+11,5.1329e+10,145.43,120.69,3.3331e+10,46.348,2.3502e+10,32.168,21.051,20.613,15.415,30.236,10.618
1e+20,1.5722e+11,5.0675e+10,142.5,118.35,3.2951e+10,45.535,2.328e+10,31.496,20.636,20.314,15.237,29.787,10.388
1e+20,1.5565e+11,4.9996e+10,139.47,115.91,3.255e+10,44.689,2.3047e+10,30.803,20.209,20.002,15.052,29.322,10.153
1e+20,1.54e+11,4.9288e+10,136.31,113.38,3.2126e+10,43.81,2.2801e+10,30.088,19.769,19.679,14.859,28.841,9.913
1e+20,1.5225e+11,4.8551e+10,133.04,110.74,3.1678e+10,42.896,2.2543e+10,29.35,19.315,19.342,14.659,28.342,9.6673
1e+20,1.504e+11,4.7783e+10,129.65,108,3.1205e+10,41.945,2.227e+10,28.588,18.847,18.992,14.451,27.825,9.4159
1e+20,1.4845e+11,4.6982e+10,126.13,105.15,3.0705e+10,40.958,2.1982e+10,27.803,18.364,18.628,14.233,27.289,9.1586
1e+20,1.4638e+11,4.6145e+10,122.48,102.19,3.0175e+10,39.93,2.1679e+10,26.992,17.866,18.248,14.005,26.731,8.895
1e+20,1.4419e+11,4.5269e+10,118.69,99.105,2.9615e+10,38.861,2.1357e+10,26.154,17.351,17.851,13.767,26.151,8.6249
1e+20,1.4186e+11,4.4352e+10,114.76,95.9,2.902e+10,37.747,2.1016e+10,25.289,16.819,17.437,13.517,25.546,8.3477
1e+20,1.3939e+11,4.339e+10,110.68,92.564,2.8389e+10,36.587,2.0654e+10,24.395,16.269,17.003,13.254,24.914,8.0632
1e+20,1.3676e+11,4.2379e+10,106.43,89.09,2.7717e+10,35.376,2.0268e+10,23.47,15.7,16.548,12.976,24.253,7.7706
1e+20,1.3395e+11,4.1313e+10,102.02,85.469,2.7001e+10,34.112,1.9856e+10,22.512,15.109,16.07,12.682,23.56,7.4694
1e+20,1.3094e+11,4.0186e+10,97.428,81.691,2.6235e+10,32.789,1.9414e+10,21.519,14.495,15.565,12.37,22.83,7.1588
1e+20,1.2771e+11,3.8991e+10,92.637,77.742,2.5414e+10,31.402,1.8939e+10,20.488,13.857,15.032,12.037,22.059,6.8379
1e+20,1.2424e+11,3.772e+10,87.635,73.61,2.4531e+10,29.944,1.8425e+10,19.416,13.19,14.466,11.68,21.242,6.5054
1e+20,1.2047e+11,3.6359e+10,82.4,69.275,2.3576e+10,28.408,1.7865e+10,18.298,12.493,13.863,11.294,20.372,6.1598
1e+20,1.1637e+11,3.4895e+10,76.906,64.715,2.2539e+10,26.782,1.7252e+10,17.128,11.76,13.216,10.874,19.439,5.7993
1e+20,1.1187e+11,3.3308e+10,71.121,59.902,2.1404e+10,25.054,1.6573e+10,15.899,10.987,12.517,10.413,18.432,5.4213
1e+20,1.0688e+11,3.157e+10,65.003,54.798,2.0151e+10,23.205,1.5815e+10,14.603,10.165,11.756,9.9015,17.334,5.0223
1e+20,1.0129e+11,2.9644e+10,58.493,49.354,1.8753e+10,21.211,1.4954e+10,13.226,9.2846,10.918,9.325,16.123,4.5975
1e+20,9.4895e+10,2.7471e+10,51.508,43.499,1.717e+10,19.036,1.3956e+10,11.748,8.3305,9.9805,8.6624,14.766,4.1395
1e+20,8.7406e+10,2.4957e+10,43.924,37.124,1.5338e+10,16.624,1.2768e+10,10.141,7.2788,8.9078,7.8796,13.209,3.6365
1e+20,7.826e+10,2.1929e+10,35.531,30.051,1.315e+10,13.876,1.1288e+10,8.3515,6.0878,7.6389,6.9155,11.359,3.0676
1e+20,6.6211e+10,1.8006e+10,25.918,21.932,1.0384e+10,10.598,9.3031e+09,6.2754,4.6722,6.0466,5.641,9.0242,2.3886
1e+20,4.6981e+10,1.1958e+10,13.976,11.83,6.4114e+09,6.2264,6.1471e+09,3.611,2.7836,3.7621,3.6704,5.6449,1.4663
1e+20,1.9561e+11,2.7943e+10,204.56,240.02,4.0628e+10,54.864,2.5921e+10,38.096,24.465,23.818,17.481,35.29,12.036
1e+20,1.9455e+11,2.7026e+10,198.47,234.14,4.0111e+10,53.666,2.5621e+10,37.15,23.908,23.429,17.272,34.73,11.752
1e+20,1.934e+11,2.6041e+10,191.84,227.7,3.9537e+10,52.37,2.529e+10,36.141,23.314,23.01,17.047,34.13,11.455
1e+20,1.9215e+11,2.498e+10,184.63,220.64,3.8896e+10,50.965,2.4925e+10,35.061,22.681,22.556,16.802,33.483,11.142
1e+20,1.9077e+11,2.3831e+10,176.75,212.88,3.8178e+10,49.433,2.4518e+10,33.9,22.002,22.063,16.536,32.783,10.811
1e+20,1.8926e+11,2.2583e+10,168.13,204.33,3.7368e+10,47.754,2.4061e+10,32.647,21.269,21.523,16.243,32.019,10.46
1e+20,1.8759e+11,2.1216e+10,158.63,194.83,3.6445e+10,45.899,2.3542e+10,31.282,20.471,20.924,15.916,31.176,10.084
1e+20,1.8572e+11,1.9706e+10,148.08,184.19,3.538e+10,43.825,2.2944e+10,29.779,19.593,20.252,15.546,30.231,9.6759
1e+20,1.836e+11,1.8018e+10,136.23,172.1,3.4124e+10,41.468,2.2237e+10,28.097,18.608,19.482,15.117,29.151,9.2263
1e+20,1.8115e+11,1.6094e+10,122.67,158.06,3.26e+10,38.718,2.1376e+10,26.167,17.476,18.573,14.601,27.875,8.7175
1e+20,1.7821e+11,1.3837e+10,106.68,141.18,3.0653e+10,35.371,2.0266e+10,23.858,16.113,17.442,13.946,26.289,8.1153
1e+20,1.7442e+11,1.1045e+10,86.708,119.43,2.7918e+10,30.951,1.868e+10,20.866,14.328,15.896,13.02,24.109,7.3371
1e+20,1.6841e+11,7.1176e+09,57.967,86.072,2.3015e+10,23.767,1.574e+10,16.091,11.403,13.187,11.289,20.241,6.0618
1e+20,1.9315e+11,5.8655e+10,138.42,200.99,3.902e+10,50.114,2.4993e+10,35.339,23.12,22.893,17.042,34.127,11.585
1e+20,1.922e+11,5.7986e+10,135.67,197.3,3.8616e+10,49.232,2.476e+10,34.597,22.664,22.571,16.862,33.651,11.338
1e+20,1.9118e+11,5.7282e+10,132.79,193.39,3.8181e+10,48.306,2.4512e+10,33.825,22.191,22.233,16.673,33.153,11.083
1e+20,1.9009e+11,5.6541e+10,129.75,189.24,3.7711e+10,47.334,2.4247e+10,33.023,21.7,21.878,16.474,32.631,10.821
1e+20,1.8894e+11,5.576e+10,126.56,184.84,3.7205e+10,46.315,2.3965e+10,32.189,21.19,21.506,16.264,32.085,10.552
1e+20,1.8771e+11,5.4937e+10,123.2,180.18,3.6661e+10,45.245,2.3665e+10,31.322,20.66,21.114,16.043,31.512,10.275
1e+20,1.864e+11,5.4068e+10,119.68,175.26,3.6074e+10,44.122,2.3344e+10,30.421,20.109,20.703,15.81,30.91,9.9891
1e+20,1.8501e+11,5.3149e+10,115.99,170.07,3.5442e+10,42.943,2.3001e+10,29.484,19.537,20.269,15.563,30.278,9.6948
1e+20,1.8351e+11,5.2177e+10,112.11,164.58,3.476e+10,41.705,2.2633e+10,28.51,18.941,19.811,15.301,29.611,9.391
1e+20,1.8192e+11,5.1144e+10,108.04,158.79,3.4024e+10,40.404,2.2238e+10,27.494,18.32,19.327,15.022,28.907,9.0772
1e+20,1.802e+11,5.0046e+10,103.77,152.66,3.3228e+10,39.033,2.1813e+10,26.436,17.672,18.815,14.723,28.162,8.7523
1e+20,1.7836e+11,4.8872e+10,99.271,146.2,3.2364e+10,37.588,2.1353e+10,25.331,16.995,18.269,14.403,27.37,8.4153
1e+20,1.7637e+11,4.7615e+10,94.539,139.35,3.1425e+10,36.061,2.0853e+10,24.175,16.284,17.688,14.057,26.525,8.0649
1e+20,1.742e+11,4.626e+10,89.55,132.1,3.0399e+10,34.443,2.0308e+10,22.964,15.537,17.064,13.682,25.619,7.6992
1e+20,1.7184e+11,4.4792e+10,84.276,124.39,2.9273e+10,32.72,1.9708e+10,21.689,14.749,16.392,13.272,24.642,7.3161
1e+20,1.6923e+11,4.3188e+10,78.682,116.19,2.8028e+10,30.88,1.9043e+10,20.343,13.912,15.662,12.819,23.579,6.9125
1e+20,1.6633e+11,4.1418e+10,72.723,107.41,2.664e+10,28.899,1.8297e+10,18.912,13.018,14.863,12.312,22.413,6.4842
1e+20,1.6306e+11,3.9437e+10,66.336,97.966,2.5075e+10,26.75,1.7448e+10,17.381,12.054,13.976,11.737,21.115,6.0252
1e+20,1.593e+11,3.718e+10,59.428,87.718,2.3284e+10,24.388,1.6462e+10,15.724,11.002,12.976,11.07,19.647,5.5264
1e+20,1.5482e+11,3.4536e+10,51.857,76.454,2.1185e+10,21.745,1.5285e+10,13.9,9.8294,11.82,10.273,17.942,4.9729
1e+20,1.4923e+11,3.1301e+10,43.377,63.812,1.8638e+10,18.7,1.3815e+10,11.837,8.4835,10.433,9.2766,15.884,4.3374
1e+20,1.4151e+11,2.7014e+10,33.479,49.055,1.5351e+10,14.998,1.1828e+10,9.3851,6.8472,8.6533,7.9262,13.223,3.5599
1e+20,1.2766e+11,2.0138e+10,20.676,30.041,1.044e+10,9.8642,8.6053e+09,6.0808,4.5619,5.9818,5.7323,9.184,2.4489
1e+20,1.9028e+11,6.0524e+10,190.61,155.11,3.8821e+10,54.597,2.6028e+10,37.831,24.24,23.348,17.033,34.266,11.907
1e+20,1.8935e+11,5.9896e+10,187.25,152.43,3.8432e+10,53.731,2.5816e+10,37.103,23.798,23.04,16.857,33.804,11.665
1e+20,1.8836e+11,5.9239e+10,183.72,149.58,3.8013e+10,52.822,2.559e+10,36.346,23.339,22.716,16.673,33.321,11.417
1e+20,1.8731e+11,5.855e+10,180,146.56,3.7564e+10,51.867,2.535e+10,35.558,22.862,22.377,16.48,32.816,11.162
1e+20,1.862e+11,5.7827e+10,176.09,143.37,3.7081e+10,50.865,2.5094e+10,34.739,22.367,22.022,16.277,32.289,10.899
1e+20,1.8503e+11,5.7069e+10,171.99,140,3.6563e+10,49.814,2.4822e+10,33.888,21.853,21.648,16.064,31.737,10.629
1e+20,1.8378e+11,5.6272e+10,167.68,136.45,3.6007e+10,48.711,2.4532e+10,33.002,21.32,21.256,15.839,31.16,10.352
1e+20,1.8245e+11,5.5435e+10,163.16,132.7,3.5411e+10,47.553,2.4223e+10,32.082,20.766,20.844,15.602,30.555,10.066
1e+20,1.8104e+11,5.4553e+10,158.41,128.76,3.4771e+10,46.338,2.3893e+10,31.125,20.189,20.411,15.352,29.919,9.7717
1e+20,1.7954e+11,5.3623e+10,153.43,124.6,3.4084e+10,45.062,2.3539e+10,30.129,19.59,19.953,15.087,29.251,9.4681
1e+20,1.7794e+11,5.2639e+10,148.19,120.23,3.3344e+10,43.721,2.316e+10,29.091,18.965,19.47,14.806,28.546,9.1546
1e+20,1.7622e+11,5.1597e+10,142.7,115.62,3.2547e+10,42.308,2.2752e+10,28.01,18.313,18.959,14.506,27.802,8.8303
1e+20,1.7438e+11,5.0489e+10,136.92,110.76,3.1686e+10,40.819,2.2312e+10,26.881,17.632,18.417,14.184,27.013,8.4943
1e+20,1.724e+11,4.9306e+10,130.83,105.63,3.0754e+10,39.246,2.1834e+10,25.7,16.918,17.839,13.839,26.174,8.1453
1e+20,1.7026e+11,4.8038e+10,124.4,100.22,2.9741e+10,37.579,2.1313e+10,24.463,16.168,17.22,13.465,25.276,7.7816
1e+20,1.6793e+11,4.6671e+10,117.61,94.492,2.8634e+10,35.807,2.0742e+10,23.162,15.377,16.555,13.058,24.312,7.4012
1e+20,1.6538e+11,4.5187e+10,110.4,88.414,2.7419e+10,33.914,2.0109e+10,21.789,14.539,15.836,12.611,23.269,7.0015
1e+20,1.6256e+11,4.356e+10,102.72,81.943,2.6074e+10,31.88,1.9403e+10,20.333,13.646,15.051,12.115,22.13,6.5787
1e+20,1.5941e+11,4.1754e+10,94.482,75.018,2.4572e+10,29.677,1.8602e+10,18.777,12.686,14.185,11.556,20.874,6.1276
1e+20,1.5581e+11,3.9716e+10,85.578,67.557,2.2871e+10,27.265,1.7679e+10,17.1,11.643,13.216,10.916,19.466,5.6406
1e+20,1.5161e+11,3.736e+10,75.835,59.433,2.0909e+10,24.582,1.6586e+10,15.266,10.491,12.109,10.164,17.855,5.1057
1e+20,1.465e+11,3.4532e+10,64.972,50.442,1.8583e+10,21.525,1.5243e+10,13.215,9.1857,10.807,9.2467,15.954,4.5019
1e+20,1.3979e+11,3.0911e+10,52.453,40.197,1.5695e+10,17.89,1.3482e+10,10.834,7.6423,9.1952,8.0601,13.593,3.7875
1e+20,1.2939e+11,2.5597e+10,36.965,27.765,1.1755e+10,13.169,1.0857e+10,7.8333,5.6434,6.9833,6.3305,10.338,2.8532
1e+20,9.2193e+10,1.1821e+10,11.119,7.9574,3.9764e+09,4.3834,4.4209e+09,2.5209,1.9002,2.4607,2.3891,3.6443,1.018
1e+20,1.9474e+11,3.7465e+10,168.71,227.49,4.1674e+10,55.7,2.6638e+10,39.006,25.084,24.373,17.757,36.041,12.301
1e+20,1.9368e+11,3.7078e+10,166.25,224.53,4.1355e+10,54.918,2.6452e+10,38.326,24.668,24.092,17.6,35.62,12.068
1e+20,1.9258e+11,3.6674e+10,163.69,221.41,4.1014e+10,54.105,2.6256e+10,37.624,24.238,23.8,17.438,35.184,11.83
1e+20,1.9141e+11,3.6254e+10,161.03,218.14,4.0652e+10,53.258,2.605e+10,36.9,23.796,23.496,17.271,34.733,11.586
1e+20,1.9019e+11,3.5815e+10,158.25,214.71,4.0266e+10,52.378,2.5833e+10,36.153,23.34,23.181,17.096,34.267,11.338
1e+20,1.889e+11,3.5358e+10,155.36,211.12,3.9857e+10,51.464,2.5606e+10,35.382,22.871,22.854,16.915,33.784,11.084
1e+20,1.8755e+11,3.4882e+10,152.36,207.37,3.9422e+10,50.513,2.5367e+10,34.588,22.388,22.514,16.727,33.285,10.825
1e+20,1.8614e+11,3.4386e+10,149.24,203.44,3.8961e+10,49.526,2.5115e+10,33.769,21.891,22.16,16.532,32.767,10.56
1e+20,1.8465e+11,3.3869e+10,145.99,199.33,3.847e+10,48.501,2.485e+10,32.924,21.379,21.793,16.328,32.23,10.29
1e+20,1.8308e+11,3.333e+10,142.62,195.03,3.795e+10,47.435,2.4571e+10,32.054,20.851,21.41,16.116,31.672,10.013
1e+20,1.8143e+11,3.2769e+10,139.11,190.54,3.7397e+10,46.328,2.4277e+10,31.156,20.307,21.012,15.894,31.093,9.7304
1e+20,1.797e+11,3.2184e+10,135.47,185.84,3.681e+10,45.177,2.3966e+10,30.23,19.746,20.597,15.662,30.49,9.441
1e+20,1.7787e+11,3.1574e+10,131.68,180.93,3.6185e+10,43.979,2.3638e+10,29.275,19.167,20.163,15.419,29.863,9.1446
1e+20,1.7594e+11,3.0937e+10,127.73,175.79,3.5519e+10,42.733,2.3289e+10,28.29,18.57,19.71,15.164,29.208,8.841
1e+20,1.739e+11,3.0272e+10,123.63,170.42,3.4809e+10,41.435,2.2919e+10,27.272,17.952,19.235,14.895,28.523,8.5295
1e+20,1.7173e+11,2.9576e+10,119.34,164.79,3.4051e+10,40.081,2.2525e+10,26.22,17.313,18.737,14.611,27.806,8.2097
1e+20,1.6944e+11,2.8849e+10,114.88,158.89,3.3238e+10,38.667,2.2105e+10,25.131,16.651,18.213,14.31,27.052,7.8808
1e+20,1.67e+11,2.8086e+10,110.21,152.69,3.2366e+10,37.187,2.1654e+10,24.003,15.964,17.661,13.99,26.257,7.5421
1e+20,1.644e+11,2.7285e+10,105.33,146.18,3.1427e+10,35.636,2.1168e+10,22.833,15.249,17.076,13.647,25.416,7.1925
1e+20,1.6161e+11,2.6443e+10,100.21,139.31,3.041e+10,34.006,2.0643e+10,21.617,14.504,16.454,13.278,24.523,6.8308
1e+20,1.5861e+11,2.5555e+10,94.825,132.05,2.9306e+10,32.287,2.0071e+10,20.35,13.725,15.79,12.879,23.569,6.4553
1e+20,1.5536e+11,2.4616e+10,89.138,124.35,2.8098e+10,30.467,1.9444e+10,19.025,12.906,15.077,12.443,22.542,6.064
1e+20,1.5182e+11,2.3621e+10,83.106,116.15,2.6767e+10,28.529,1.8748e+10,17.633,12.042,14.304,11.962,21.429,5.6542
1e+20,1.4793e+11,2.256e+10,76.668,107.35,2.5285e+10,26.451,1.7968e+10,16.164,11.123,13.458,11.424,20.209,5.2218
1e+20,1.4359e+11,2.1425e+10,69.736,97.828,2.3614e+10,24.2,1.7076e+10,14.602,10.137,12.521,10.812,18.852,4.7614
1e+20,1.3866e+11,2.0199e+10,62.18,87.4,2.1693e+10,21.73,1.6034e+10,12.92,9.065,11.462,10.097,17.312,4.2642
1e+20,1.3289e+11,1.8864e+10,53.785,75.757,1.9425e+10,18.959,1.4771e+10,11.078,7.8743,10.232,9.2342,15.514,3.7157
1e+20,1.2579e+11,1.7386e+10,44.149,62.325,1.6622e+10,15.737,1.3147e+10,8.9994,6.5047,8.7373,8.1297,13.312,3.0877
1e+20,1.16e+11,1.5694e+10,32.321,45.744,1.2841e+10,11.705,1.0806e+10,6.5008,4.8112,6.7486,6.5528,10.35,2.3113
1e+20,9.3884e+10,1.3378e+10,13.96,19.831,6.0534e+09,5.2133,5.8845e+09,2.7447,2.1254,3.2055,3.3738,4.9725,1.0569
1e+20,1.8978e+11,5.3863e+10,95.024,136.26,4.3064e+10,48.509,2.488e+10,35.661,23.862,24.407,18.107,36.777,12.061
1e+20,1.8866e+11,5.3285e+10,93.526,134.92,4.279e+10,47.761,2.4679e+10,34.966,23.424,24.11,17.962,36.362,11.818
1e+20,1.8748e+11,5.2685e+10,91.975,133.51,4.2495e+10,46.99,2.4469e+10,34.254,22.977,23.804,17.811,35.932,11.572
1e+20,1.8625e+11,5.2063e+10,90.37,132.01,4.2177e+10,46.195,2.4251e+10,33.527,22.519,23.486,17.654,35.488,11.321
1e+20,1.8495e+11,5.1416e+10,88.71,130.43,4.1835e+10,45.375,2.4023e+10,32.782,22.05,23.159,17.49,35.028,11.066
1e+20,1.8358e+11,5.0744e+10,86.992,128.76,4.1469e+10,44.53,2.3785e+10,32.021,21.571,22.819,17.32,34.552,10.806
1e+20,1.8215e+11,5.0046e+10,85.216,127,4.1076e+10,43.657,2.3537e+10,31.242,21.081,22.468,17.143,34.058,10.542
1e+20,1.8064e+11,4.932e+10,83.378,125.14,4.0656e+10,42.758,2.3277e+10,30.445,20.579,22.105,16.959,33.547,10.273
1e+20,1.7906e+11,4.8565e+10,81.478,123.18,4.0206e+10,41.829,2.3006e+10,29.63,20.065,21.728,16.767,33.017,9.9992
1e+20,1.7739e+11,4.7778e+10,79.512,121.12,3.9726e+10,40.87,2.2721e+10,28.795,19.539,21.338,16.566,32.468,9.7205
1e+20,1.7563e+11,4.6958e+10,77.478,118.95,3.9212e+10,39.88,2.2422e+10,27.941,19,20.933,16.356,31.896,9.4365
1e+20,1.7378e+11,4.6103e+10,75.373,116.66,3.8663e+10,38.857,2.2108e+10,27.066,18.448,20.513,16.137,31.303,9.147
1e+20,1.7183e+11,4.5209e+10,73.193,114.24,3.8076e+10,37.798,2.1778e+10,26.17,17.881,20.076,15.906,30.684,8.8517
1e+20,1.6977e+11,4.4273e+10,70.934,111.7,3.7447e+10,36.702,2.1429e+10,25.251,17.299,19.62,15.664,30.039,8.5503
1e+20,1.6759e+11,4.3292e+10,68.592,109.01,3.6773e+10,35.566,2.106e+10,24.309,16.702,19.146,15.41,29.366,8.2425
1e+20,1.6528e+11,4.2262e+10,66.161,106.16,3.6049e+10,34.388,2.067e+10,23.341,16.087,18.65,15.14,28.66,7.9277
1e+20,1.6282e+11,4.1178e+10,63.635,103.16,3.5271e+10,33.162,2.0254e+10,22.346,15.454,18.13,14.855,27.92,7.6054
1e+20,1.602e+11,4.0033e+10,61.006,99.968,3.4432e+10,31.887,1.9811e+10,21.322,14.802,17.585,14.551,27.14,7.2749
1e+20,1.574e+11,3.882e+10,58.264,96.581,3.3525e+10,30.555,1.9336e+10,20.267,14.127,17.01,14.226,26.317,6.9354
1e+20,1.5439e+11,3.753e+10,55.4,92.972,3.2539e+10,29.162,1.8824e+10,19.177,13.427,16.402,13.877,25.442,6.5859
1e+20,1.5115e+11,3.6152e+10,52.398,89.113,3.1464e+10,27.698,1.8268e+10,18.048,12.701,15.755,13.499,24.509,6.225
1e+20,1.4764e+11,3.467e+10,49.241,84.967,3.0283e+10,26.155,1.7661e+10,16.876,11.943,15.064,13.086,23.507,5.851
1e+20,1.4379e+11,3.3065e+10,45.906,80.488,2.8976e+10,24.519,1.6992e+10,15.654,11.148,14.319,12.63,22.421,5.4616
1e+20,1.3955e+11,3.131e+10,42.362,75.611,2.7515e+10,22.771,1.6244e+10,14.372,10.31,13.507,12.121,21.232,5.0537
1e+20,1.3479e+11,2.9364e+10,38.563,70.242,2.5858e+10,20.887,1.5394e+10,13.018,9.4168,12.612,11.54,19.909,4.6224
1e+20,1.2937e+11,2.7168e+10,34.444,64.242,2.3941e+10,18.826,1.4408e+10,11.571,8.4534,11.604,10.861,18.408,4.1604
1e+20,1.2298e+11,2.4618e+10,29.896,57.378,2.1658e+10,16.526,1.3223e+10,9.9982,7.3926,10.438,10.037,16.652,3.6552
1e+20,1.1509e+11,2.152e+10,24.714,49.206,1.8807e+10,13.863,1.172e+10,8.2353,6.1825,9.021,8.975,14.49,3.0821
1e+20,1.0423e+11,1.7387e+10,18.421,38.654,1.4898e+10,10.548,9.6023e+09,6.1272,4.6966,7.1333,7.436,11.556,2.3788
1e+20,8.1892e+10,9.9142e+09,8.9102,20.774,7.8072e+09,5.2853,5.473e+09,2.9703,2.3588,3.7793,4.2835,6.1958,1.2473
1e+20,1.9614e+11,6.1136e+10,216.56,253.36,3.9076e+10,20.731,1.6742e+10,23.915,17.841,20.684,16.922,33.16,10.106
1e+20,1.951e+11,6.056e+10,213.5,249.91,3.8766e+10,20.385,1.6575e+10,23.406,17.485,20.405,16.767,32.744,9.89
1e+20,1.94e+11,5.996e+10,210.29,246.26,3.843e+10,20.026,1.64e+10,22.881,17.118,20.114,16.605,32.31,9.6687
1e+20,1.9284e+11,5.9337e+10,206.92,242.41,3.8067e+10,19.654,1.6216e+10,22.338,16.739,19.81,16.436,31.858,9.4419
1e+20,1.9162e+11,5.8688e+10,203.38,238.35,3.7675e+10,19.266,1.6021e+10,21.778,16.347,19.492,16.258,31.385,9.2093
1e+20,1.9033e+11,5.8011e+10,199.68,234.07,3.7252e+10,18.863,1.5816e+10,21.2,15.943,19.16,16.071,30.892,8.9709
1e+20,1.8896e+11,5.7307e+10,195.8,229.56,3.6798e+10,18.445,1.56e+10,20.604,15.525,18.813,15.875,30.377,8.7264
1e+20,1.8753e+11,5.6573e+10,191.74,224.82,3.6309e+10,18.01,1.5371e+10,19.989,15.094,18.45,15.669,29.839,8.4756
1e+20,1.8601e+11,5.5807e+10,187.49,219.83,3.5783e+10,17.558,1.513e+10,19.354,14.649,18.07,15.452,29.276,8.2182
1e+20,1.844e+11,5.5007e+10,183.04,214.58,3.5218e+10,17.088,1.4874e+10,18.699,14.189,17.672,15.223,28.687,7.9539
1e+20,1.827e+11,5.417e+10,178.38,209.07,3.461e+10,16.598,1.4603e+10,18.023,13.713,17.254,14.981,28.069,7.6824
1e+20,1.809e+11,5.3294e+10,173.5,203.26,3.3956e+10,16.087,1.4315e+10,17.325,13.221,16.816,14.725,27.419,7.4032
1e+20,1.7899e+11,5.2375e+10,168.39,197.16,3.3251e+10,15.555,1.4009e+10,16.604,12.712,16.355,14.453,26.736,7.1158
1e+20,1.7696e+11,5.1409e+10,163.02,190.73,3.249e+10,14.998,1.3682e+10,15.859,12.184,15.868,14.163,26.014,6.8197
1e+20,1.7479e+11,5.0391e+10,157.38,183.94,3.1668e+10,14.415,1.3332e+10,15.088,11.636,15.354,13.853,25.251,6.514
1e+20,1.7248e+11,4.9316e+10,151.44,176.78,3.0776e+10,13.803,1.2955e+10,14.29,11.067,14.809,13.52,24.44,6.1978
1e+20,1.7e+11,4.8175e+10,145.17,169.2,2.9804e+10,13.159,1.2548e+10,13.461,10.473,14.23,13.16,23.575,5.87
1e+20,1.6733e+11,4.6959e+10,138.54,161.16,2.8742e+10,12.479,1.2106e+10,12.6,9.8532,13.61,12.769,22.647,5.5292
1e+20,1.6443e+11,4.5657e+10,131.49,152.59,2.7573e+10,11.757,1.1623e+10,11.702,9.2033,12.943,12.339,21.645,5.1735
1e+20,1.6128e+11,4.425e+10,123.95,143.41,2.6278e+10,10.988,1.1089e+10,10.763,8.5191,12.222,11.863,20.555,4.8003
1e+20,1.578e+11,4.2717e+10,115.84,133.52,2.4827e+10,10.161,1.0493e+10,9.7752,7.7942,11.433,11.327,19.355,4.4062
1e+20,1.5391e+11,4.1022e+10,107.01,122.74,2.318e+10,9.2623,9.818e+09,8.7302,7.0199,10.559,10.714,18.016,3.9861
1e+20,1.495e+11,3.911e+10,97.252,110.83,2.1274e+10,8.2724,9.0357e+09,7.6131,6.1828,9.573,9.9944,16.489,3.5322
1e+20,1.4431e+11,3.6883e+10,86.195,97.368,1.9001e+10,7.1565,8.1002e+09,6.3998,5.2605,8.4303,9.1165,14.693,3.0314
1e+20,1.3788e+11,3.4132e+10,73.086,81.484,1.6153e+10,5.849,6.9207e+09,5.044,4.2103,7.043,7.9765,12.471,2.4578
1e+20,1.2876e+11,3.0236e+10,55.883,60.908,1.2194e+10,4.1847,5.2631e+09,3.4296,2.9252,5.1898,6.2952,9.4104,1.7455
1e+20,9.8502e+10,1.8113e+10,18.997,19.202,3.6522e+09,1.1221,1.6018e+09,0.82419,0.73554,1.4706,2.1105,2.8271,0.46735
1e+20,1.9627e+11,6.1273e+10,234.45,262.46,4.1283e+10,52.132,2.5727e+10,28.494,20.632,22.648,17.587,35.181,11.164
1e+20,1.9524e+11,6.0705e+10,231.26,259.11,4.0986e+10,51.379,2.5544e+10,27.97,20.271,22.38,17.437,34.774,10.945
1e+20,1.9415e+11,6.0115e+10,227.93,255.58,4.0668e+10,50.594,2.5352e+10,27.43,19.9,22.101,17.281,34.353,10.722
1e+20,1.9301e+11,5.9501e+10,224.44,251.86,4.0327e+10,49.776,2.5149e+10,26.873,19.518,21.811,17.118,33.916,10.494
1e+20,1.918e+11,5.8864e+10,220.8,247.95,3.9962e+10,48.924,2.4936e+10,26.3,19.125,21.51,16.949,33.463,10.261
1e+20,1.9053e+11,5.8201e+10,216.99,243.83,3.9572e+10,48.038,2.4712e+10,25.71,18.721,21.197,16.773,32.994,10.023
1e+20,1.8918e+11,5.7512e+10,213.02,239.52,3.9155e+10,47.116,2.4475e+10,25.103,18.306,20.872,16.59,32.507,9.7806
1e+20,1.8777e+11,5.6795e+10,208.87,234.99,3.8711e+10,46.158,2.4227e+10,24.478,17.878,20.534,16.399,32.001,9.5327
1e+20,1.8628e+11,5.6048e+10,204.55,230.24,3.8237e+10,45.161,2.3964e+10,23.835,17.439,20.183,16.2,31.476,9.2795
1e+20,1.8471e+11,5.5271e+10,200.04,225.26,3.7731e+10,44.125,2.3688e+10,23.174,16.986,19.818,15.991,30.93,9.0209
1e+20,1.8305e+11,5.446e+10,195.33,220.05,3.7192e+10,43.048,2.3396e+10,22.493,16.521,19.437,15.773,30.362,8.7565
1e+20,1.8129e+11,5.3613e+10,190.43,214.59,3.6616e+10,41.927,2.3087e+10,21.792,16.042,19.041,15.545,29.77,8.4862
1e+20,1.7943e+11,5.2728e+10,185.32,208.87,3.6002e+10,40.762,2.2761e+10,21.071,15.548,18.627,15.305,29.153,8.2096
1e+20,1.7747e+11,5.1802e+10,179.98,202.88,3.5345e+10,39.55,2.2414e+10,20.327,15.039,18.194,15.053,28.508,7.9264
1e+20,1.7538e+11,5.0831e+10,174.4,196.6,3.4643e+10,38.287,2.2046e+10,19.562,14.514,17.741,14.786,27.833,7.6362
1e+20,1.7316e+11,4.981e+10,168.58,190.02,3.3891e+10,36.97,2.1655e+10,18.772,13.972,17.266,14.505,27.125,7.3385
1e+20,1.708e+11,4.8736e+10,162.49,183.11,3.3083e+10,35.597,2.1237e+10,17.957,13.412,16.767,14.205,26.38,7.0327
1e+20,1.6827e+11,4.7601e+10,156.11,175.85,3.2213e+10,34.161,2.0788e+10,17.115,12.831,16.241,13.886,25.594,6.7182
1e+20,1.6556e+11,4.6398e+10,149.41,168.21,3.1274e+10,32.658,2.0306e+10,16.243,12.229,15.684,13.545,24.762,6.3941
1e+20,1.6264e+11,4.5118e+10,142.37,160.16,3.0255e+10,31.081,1.9784e+10,15.34,11.603,15.093,13.177,23.877,6.0592
1e+20,1.5948e+11,4.3749e+10,134.94,151.64,2.9146e+10,29.421,1.9216e+10,14.402,10.949,14.463,12.778,22.931,5.7123
1e+20,1.5603e+11,4.2274e+10,127.08,142.61,2.7931e+10,27.667,1.8594e+10,13.424,10.265,13.786,12.341,21.912,5.3516
1e+20,1.5224e+11,4.0674e+10,118.71,132.98,2.6589e+10,25.805,1.7904e+10,12.401,9.546,13.054,11.858,20.806,4.9747
1e+20,1.4803e+11,3.8917e+10,109.76,122.67,2.5093e+10,23.816,1.7132e+10,11.325,8.7844,12.255,11.317,19.594,4.5783
1e+20,1.4327e+11,3.6961e+10,100.08,111.52,2.3403e+10,21.673,1.625e+10,10.186,7.9709,11.37,10.7,18.244,4.1577
1e+20,1.3777e+11,3.4734e+10,89.494,99.318,2.1457e+10,19.332,1.5222e+10,8.9676,7.0909,10.373,9.9791,16.713,3.7056
1e+20,1.3121e+11,3.2115e+10,77.673,85.723,1.9155e+10,16.726,1.3977e+10,7.6416,6.1202,9.2183,9.1057,14.924,3.2095
1e+20,1.2287e+11,2.8855e+10,64.011,70.075,1.6307e+10,13.726,1.2381e+10,6.1568,5.0125,7.8184,7.985,12.732,2.6455
1e+20,1.1078e+11,2.4277e+10,47.04,50.811,1.2459e+10,10.019,1.0082e+10,4.3884,3.6559,5.9632,6.3779,9.7844,1.9541
1e+20,8.0677e+10,1.4197e+10,19.625,20.503,5.4651e+09,4.1116,5.1678e+09,1.7303,1.5058,2.6358,3.0736,4.3741,0.83532
1e+20,1.9619e+11,6.1115e+10,218.38,217.82,1.5587e+10,51.723,2.5036e+10,33.109,19.515,14.683,9.2637,17.693,9.0446
1e+20,1.9507e+11,6.0475e+10,213.99,214.52,1.5154e+10,50.549,2.476e+10,32.199,18.962,14.272,9.0168,17.161,8.7565
1e+20,1.9387e+11,5.98e+10,209.28,210.95,1.4685e+10,49.26,2.4453e+10,31.203,18.359,13.824,8.751,16.59,8.4476
1e+20,1.9259e+11,5.9089e+10,204.22,207.09,1.4176e+10,47.845,2.4113e+10,30.113,17.702,13.337,8.464,15.976,8.1161
1e+20,1.9123e+11,5.8336e+10,198.76,202.91,1.3622e+10,46.29,2.3734e+10,28.92,16.986,12.804,8.1527,15.315,7.7595
1e+20,1.8977e+11,5.7538e+10,192.85,198.37,1.3017e+10,44.576,2.3309e+10,27.611,16.201,12.221,7.8134,14.599,7.3747
1e+20,1.882e+11,5.6689e+10,186.44,193.43,1.2352e+10,42.679,2.283e+10,26.17,15.341,11.58,7.4408,13.819,6.9577
1e+20,1.8651e+11,5.5779e+10,179.42,188,1.1617e+10,40.564,2.2284e+10,24.576,14.39,10.871,7.0283,12.964,6.5031
1e+20,1.8467e+11,5.4799e+10,171.65,181.99,1.0796e+10,38.183,2.1651e+10,22.798,13.332,10.078,6.5659,12.016,6.0032
1e+20,1.8267e+11,5.3729e+10,162.92,175.23,9.8651e+09,35.462,2.0903e+10,20.792,12.14,9.1819,6.039,10.952,5.4464
1e+20,1.8044e+11,5.2542e+10,152.83,167.42,8.7878e+09,32.276,1.9988e+10,18.484,10.77,8.1483,5.4239,9.7305,4.8141
1e+20,1.7791e+11,5.1179e+10,140.61,157.97,7.4971e+09,28.389,1.8799e+10,15.741,9.1459,6.9169,4.6772,8.2793,4.0726
1e+20,1.7486e+11,4.9497e+10,124.21,145.28,5.8447e+09,23.243,1.7062e+10,12.266,7.0932,5.3547,3.7018,6.4372,3.1461
1e+20,1.703e+11,4.6732e+10,93.684,120.9,3.2971e+09,14.59,1.3416e+10,6.9579,3.9815,2.9846,2.1439,3.6219,1.7581
1e+20,1.9622e+11,6.1201e+10,236.3,263.85,3.8118e+10,50.599,2.6241e+10,28.193,13.02,4.3728,17.05,34.693,11.681
1e+20,1.9517e+11,6.0619e+10,232.82,260.45,3.7866e+10,49.76,2.6036e+10,27.566,12.704,4.2626,16.902,34.276,11.423
1e+20,1.9408e+11,6.0015e+10,229.18,256.87,3.7596e+10,48.886,2.5821e+10,26.919,12.38,4.1499,16.75,33.844,11.159
1e+20,1.9292e+11,5.9388e+10,225.37,253.1,3.7308e+10,47.975,2.5594e+10,26.251,12.047,4.0348,16.591,33.397,10.889
1e+20,1.917e+11,5.8735e+10,221.4,249.13,3.7e+10,47.027,2.5355e+10,25.563,11.706,3.9172,16.427,32.934,10.612
1e+20,1.9041e+11,5.8056e+10,217.26,244.96,3.6672e+10,46.039,2.5104e+10,24.854,11.356,3.7971,16.256,32.454,10.329
1e+20,1.8905e+11,5.735e+10,212.93,240.58,3.6322e+10,45.011,2.4839e+10,24.122,10.997,3.6744,16.078,31.957,10.04
1e+20,1.8763e+11,5.6615e+10,208.42,235.98,3.5949e+10,43.941,2.4559e+10,23.368,10.629,3.5489,15.893,31.441,9.7429
1e+20,1.8612e+11,5.5849e+10,203.71,231.17,3.5552e+10,42.826,2.4264e+10,22.591,10.251,3.4207,15.7,30.904,9.439
1e+20,1.8453e+11,5.505e+10,198.81,226.11,3.5128e+10,41.665,2.3952e+10,21.79,9.864,3.2896,15.499,30.347,9.1274
1e+20,1.8285e+11,5.4216e+10,193.69,220.81,3.4675e+10,40.454,2.3622e+10,20.964,9.4665,3.1555,15.288,29.766,8.8077
1e+20,1.8107e+11,5.3345e+10,188.34,215.25,3.4192e+10,39.191,2.3272e+10,20.112,9.0584,3.0183,15.067,29.16,8.4795
1e+20,1.7919e+11,5.2432e+10,182.76,209.42,3.3675e+10,37.873,2.29e+10,19.232,8.6392,2.8777,14.836,28.527,8.1421
1e+20,1.7719e+11,5.1475e+10,176.93,203.29,3.3122e+10,36.494,2.2504e+10,18.323,8.2082,2.7335,14.591,27.864,7.7948
1e+20,1.7507e+11,5.047e+10,170.83,196.85,3.2527e+10,35.051,2.2081e+10,17.384,7.7646,2.5856,14.334,27.167,7.4368
1e+20,1.7281e+11,4.9411e+10,164.43,190.07,3.1886e+10,33.537,2.1628e+10,16.411,7.3077,2.4336,14.06,26.433,7.067
1e+20,1.704e+11,4.8291e+10,157.71,182.92,3.1193e+10,31.944,2.114e+10,15.402,6.8361,2.2771,13.768,25.656,6.6841
1e+20,1.6782e+11,4.7103e+10,150.62,175.35,3.044e+10,30.263,2.0611e+10,14.354,6.3486,2.1156,13.456,24.829,6.2864
1e+20,1.6503e+11,4.5836e+10,143.14,167.33,2.9618e+10,28.481,2.0034e+10,13.262,5.8432,1.9484,13.118,23.943,5.8715
1e+20,1.6201e+11,4.4478e+10,135.18,158.77,2.8713e+10,26.582,1.94e+10,12.121,5.3175,1.7748,12.75,22.987,5.4366
1e+20,1.5871e+11,4.3008e+10,126.66,149.58,2.7706e+10,24.542,1.8694e+10,10.921,4.7681,1.5936,12.344,21.943,4.9773
1e+20,1.5507e+11,4.1399e+10,117.45,139.62,2.657e+10,22.325,1.7896e+10,9.6503,4.1898,1.4029,11.889,20.786,4.4872
1e+20,1.51e+11,3.9608e+10,107.31,128.65,2.5259e+10,19.877,1.6969e+10,8.2904,3.5749,1.2,11.366,19.473,3.9562
1e+20,1.4631e+11,3.7556e+10,95.847,116.25,2.3693e+10,17.096,1.5851e+10,6.8073,2.9095,0.98013,10.741,17.925,3.3656
1e+20,1.4065e+11,3.5071e+10,82.091,101.41,2.1687e+10,13.762,1.4391e+10,5.1299,2.1646,0.73299,9.9339,15.959,2.6748
1e+20,1.3281e+11,3.151e+10,62.467,80.417,1.8556e+10,9.1468,1.203e+10,3.0362,1.2511,0.42736,8.6442,12.893,1.7502
1e+20,1.9629e+11,6.1291e+10,242.65,266.11,4.2656e+10,59.321,2.7166e+10,40.745,25.89,24.922,4.4688,27.853,11.986
1e+20,1.9525e+11,6.072e+10,239.3,262.76,4.2349e+10,58.53,2.6987e+10,40.054,25.471,24.644,4.3967,27.478,11.751
1e+20,1.9416e+11,6.0128e+10,235.79,259.22,4.2022e+10,57.705,2.6798e+10,39.339,25.039,24.355,4.3235,27.093,11.51
1e+20,1.9301e+11,5.9512e+10,232.13,255.49,4.1672e+10,56.846,2.66e+10,38.602,24.595,24.055,4.2494,26.696,11.265
1e+20,1.918e+11,5.8873e+10,228.3,251.58,4.13e+10,55.951,2.6391e+10,37.841,24.137,23.744,4.1743,26.288,11.015
1e+20,1.9053e+11,5.8208e+10,224.31,247.46,4.0903e+10,55.02,2.6172e+10,37.055,23.665,23.42,4.0981,25.867,10.76
1e+20,1.8918e+11,5.7517e+10,220.15,243.15,4.048e+10,54.05,2.5941e+10,36.244,23.179,23.084,4.0208,25.433,10.5
1e+20,1.8777e+11,5.6798e+10,215.82,238.62,4.0031e+10,53.041,2.5698e+10,35.408,22.678,22.734,3.9423,24.985,10.234
1e+20,1.8627e+11,5.6049e+10,211.3,233.88,3.9552e+10,51.992,2.5441e+10,34.545,22.162,22.37,3.8626,24.524,9.9625
1e+20,1.847e+11,5.527e+10,206.59,228.91,3.9044e+10,50.9,2.5171e+10,33.655,21.63,21.992,3.7816,24.047,9.6854
1e+20,1.8303e+11,5.4457e+10,201.69,223.71,3.8502e+10,49.763,2.4885e+10,32.737,21.081,21.597,3.6992,23.555,9.4025
1e+20,1.8128e+11,5.3609e+10,196.58,218.26,3.7925e+10,48.58,2.4584e+10,31.789,20.516,21.186,3.6154,23.045,9.1133
1e+20,1.7942e+11,5.2723e+10,191.26,212.55,3.7311e+10,47.347,2.4264e+10,30.811,19.932,20.756,3.5299,22.518,8.8176
1e+20,1.7745e+11,5.1796e+10,185.72,206.58,3.6656e+10,46.063,2.3925e+10,29.8,19.328,20.307,3.4427,21.971,8.5152
1e+20,1.7536e+11,5.0824e+10,179.94,200.32,3.5956e+10,44.723,2.3565e+10,28.756,18.705,19.836,3.3536,21.403,8.2054
1e+20,1.7313e+11,4.9803e+10,173.9,193.76,3.5207e+10,43.323,2.3182e+10,27.676,18.059,19.342,3.2624,20.811,7.888
1e+20,1.7077e+11,4.8728e+10,167.6,186.88,3.4404e+10,41.86,2.2772e+10,26.559,17.39,18.823,3.1689,20.195,7.5623
1e+20,1.6824e+11,4.7594e+10,161,179.65,3.354e+10,40.327,2.2333e+10,25.4,16.696,18.274,3.0728,19.55,7.2276
1e+20,1.6553e+11,4.6393e+10,154.09,172.05,3.2609e+10,38.718,2.1859e+10,24.198,15.973,17.694,2.9737,18.873,6.8831
1e+20,1.6261e+11,4.5116e+10,146.84,164.04,3.1601e+10,37.026,2.1348e+10,22.947,15.219,17.078,2.8712,18.161,6.5278
1e+20,1.5945e+11,4.3751e+10,139.21,155.58,3.0505e+10,35.239,2.079e+10,21.643,14.431,16.419,2.7647,17.407,6.1603
1e+20,1.5601e+11,4.2284e+10,131.15,146.61,2.9307e+10,33.346,2.0179e+10,20.28,13.603,15.712,2.6534,16.606,5.779
1e+20,1.5223e+11,4.0695e+10,122.61,137.08,2.7986e+10,31.329,1.9503e+10,18.85,12.73,14.947,2.5362,15.747,5.3817
1e+20,1.4805e+11,3.8956e+10,113.49,126.87,2.6517e+10,29.166,1.8745e+10,17.34,11.802,14.111,2.4115,14.818,4.9651
1e+20,1.4334e+11,3.7027e+10,103.7,115.88,2.4862e+10,26.826,1.7883e+10,15.736,10.808,13.186,2.2771,13.801,4.5251
1e+20,1.3793e+11,3.4847e+10,93.062,103.9,2.2968e+10,24.263,1.688e+10,14.015,9.7303,12.145,2.1294,12.67,4.055
1e+20,1.3153e+11,3.2311e+10,81.312,90.644,2.0746e+10,21.4,1.5675e+10,12.14,8.5398,10.944,1.9622,11.379,3.5441
1e+20,1.2357e+11,2.9221e+10,67.976,75.587,1.8037e+10,18.104,1.4153e+10,10.045,7.1852,9.5033,1.7629,9.8486,2.9726
1e+20,1.1263e+11,2.5099e+10,52.028,57.591,1.4494e+10,14.081,1.2042e+10,7.5866,5.5531,7.644,1.5016,7.8973,2.2961
1e+20,9.2474e+10,1.8044e+10,29.995,32.868,8.9528e+09,8.3333,8.3153e+09,4.2837,3.2578,4.756,1.0568,4.9021,1.3589
1e+20,1.9621e+11,6.1227e+10,240.8,265.39,4.196e+10,57.124,2.6895e+10,37.409,24.682,24.546,11.546,6.0312,8.0189
1e+20,1.9516e+11,6.0646e+10,237.3,261.96,4.1667e+10,56.244,2.6694e+10,36.648,24.215,24.241,11.349,5.848,7.7769
1e+20,1.9405e+11,6.0043e+10,233.64,258.33,4.1353e+10,55.324,2.6482e+10,35.86,23.733,23.923,11.145,5.6619,7.5302
1e+20,1.9289e+11,5.9415e+10,229.8,254.5,4.1016e+10,54.363,2.6258e+10,35.043,23.235,23.592,10.934,5.4727,7.2788
1e+20,1.9165e+11,5.8761e+10,225.78,250.47,4.0655e+10,53.36,2.6022e+10,34.198,22.72,23.247,10.716,5.2803,7.0225
1e+20,1.9035e+11,5.8081e+10,221.58,246.21,4.0268e+10,52.312,2.5773e+10,33.323,22.187,22.887,10.49,5.0847,6.7611
1e+20,1.8898e+11,5.7372e+10,217.19,241.73,3.9854e+10,51.216,2.551e+10,32.416,21.636,22.512,10.256,4.8856,6.4946
1e+20,1.8752e+11,5.6633e+10,212.59,237.02,3.9409e+10,50.071,2.5231e+10,31.476,21.066,22.12,10.013,4.6828,6.2225
1e+20,1.8599e+11,5.5861e+10,207.78,232.05,3.8934e+10,48.872,2.4936e+10,30.501,20.475,21.71,9.7609,4.4762,5.9448
1e+20,1.8436e+11,5.5055e+10,202.74,226.82,3.8423e+10,47.617,2.4623e+10,29.489,19.862,21.281,9.498,4.2655,5.6611
1e+20,1.8264e+11,5.4211e+10,197.46,221.31,3.7874e+10,46.301,2.4289e+10,28.437,19.226,20.83,9.2235,4.0503,5.371
1e+20,1.8081e+11,5.3327e+10,191.92,215.5,3.7284e+10,44.919,2.3934e+10,27.343,18.563,20.356,8.9362,3.8304,5.0742
1e+20,1.7886e+11,5.2397e+10,186.11,209.37,3.6647e+10,43.465,2.3554e+10,26.201,17.873,19.855,8.6343,3.6052,4.77
1e+20,1.7678e+11,5.1419e+10,179.99,202.88,3.5959e+10,41.929,2.3145e+10,25.009,17.15,19.325,8.316,3.3742,4.4577
1e+20,1.7456e+11,5.0384e+10,173.53,196,3.5211e+10,40.303,2.2705e+10,23.758,16.392,18.762,7.9785,3.1367,4.1366
1e+20,1.7218e+11,4.9287e+10,166.69,188.69,3.4394e+10,38.572,2.2226e+10,22.441,15.594,18.159,7.6184,2.8916,3.8054
1e+20,1.696e+11,4.8116e+10,159.41,180.87,3.3496e+10,36.718,2.1701e+10,21.048,14.746,17.509,7.231,2.6377,3.4627
1e+20,1.6681e+11,4.6859e+10,151.61,172.47,3.2501e+10,34.715,2.1121e+10,19.561,13.84,16.802,6.8093,2.3731,3.1062
1e+20,1.6374e+11,4.5495e+10,143.16,163.35,3.1382e+10,32.523,2.0468e+10,17.957,12.859,16.021,6.3431,2.0952,2.7326
1e+20,1.6033e+11,4.3994e+10,133.87,153.29,3.0101e+10,30.076,1.9716e+10,16.196,11.776,15.139,5.8153,1.7995,2.3369
1e+20,1.5646e+11,4.2301e+10,123.35,141.92,2.8585e+10,27.249,1.8817e+10,14.202,10.54,14.107,5.1939,1.4785,1.9099
1e+20,1.5187e+11,4.0297e+10,110.71,128.35,2.6675e+10,23.748,1.7653e+10,11.806,9.0359,12.807,4.4064,1.116,1.4319
1e+20,1.457e+11,3.7537e+10,92.43,109.14,2.3777e+10,18.463,1.5762e+10,8.3934,6.8256,10.783,3.1973,0.66118,0.84081
1e+20,1.9624e+11,6.1254e+10,241.75,264.57,3.9051e+10,35.485,2.2797e+10,13.036,12.133,18.102,16.813,32.259,8.3678
1e+20,1.952e+11,6.0681e+10,238.3,260.93,3.8709e+10,35.201,2.2689e+10,12.617,11.773,17.765,16.64,31.787,8.1214
1e+20,1.941e+11,6.0085e+10,234.67,257.06,3.8338e+10,34.902,2.2575e+10,12.185,11.401,17.412,16.458,31.293,7.868
1e+20,1.9293e+11,5.9464e+10,230.86,252.97,3.7935e+10,34.587,2.2454e+10,11.74,11.016,17.042,16.267,30.775,7.6074
1e+20,1.917e+11,5.8818e+10,226.85,248.64,3.7499e+10,34.255,2.2326e+10,11.28,10.619,16.655,16.065,30.231,7.3394
1e+20,1.9041e+11,5.8144e+10,222.63,244.06,3.7027e+10,33.903,2.219e+10,10.806,10.208,16.249,15.852,29.66,7.0633
1e+20,1.8903e+11,5.7441e+10,218.2,239.21,3.6515e+10,33.533,2.2046e+10,10.317,9.7831,15.821,15.628,29.06,6.7788
1e+20,1.8758e+11,5.6708e+10,213.53,234.08,3.5961e+10,33.14,2.1893e+10,9.8112,9.343,15.371,15.39,28.426,6.4852
1e+20,1.8604e+11,5.594e+10,208.61,228.64,3.5359e+10,32.725,2.173e+10,9.2889,8.8866,14.896,15.137,27.757,6.1818
1e+20,1.8441e+11,5.5137e+10,203.42,222.88,3.4705e+10,32.285,2.1556e+10,8.7483,8.4126,14.393,14.867,27.046,5.8677
1e+20,1.8268e+11,5.4294e+10,197.93,216.75,3.399e+10,31.816,2.1369e+10,8.1881,7.9192,13.858,14.578,26.289,5.5416
1e+20,1.8083e+11,5.3406e+10,192.09,210.22,3.3207e+10,31.316,2.1169e+10,7.6063,7.4042,13.286,14.266,25.477,5.202
1e+20,1.7885e+11,5.2469e+10,185.88,203.23,3.2344e+10,30.779,2.0953e+10,7.0004,6.8648,12.671,13.927,24.602,4.8468
1e+20,1.7673e+11,5.1475e+10,179.21,195.71,3.1384e+10,30.201,2.0718e+10,6.3671,6.2968,12.003,13.556,23.648,4.4732
1e+20,1.7444e+11,5.0414e+10,171.99,187.56,3.0304e+10,29.572,2.0461e+10,5.7014,5.6949,11.27,13.142,22.596,4.0771
1e+20,1.7195e+11,4.9272e+10,164.07,178.6,2.9068e+10,28.879,2.0175e+10,4.9963,5.0503,10.45,12.673,21.412,3.6523
1e+20,1.6921e+11,4.8024e+10,155.17,168.54,2.7615e+10,28.101,1.9852e+10,4.24,4.3496,9.5105,12.124,20.042,3.1884
1e+20,1.6612e+11,4.6628e+10,144.76,156.84,2.5822e+10,27.197,1.9475e+10,3.4112,3.5673,8.3839,11.448,18.375,2.6661
1e+20,1.6248e+11,4.4978e+10,131.38,141.99,2.3378e+10,26.065,1.9002e+10,2.4619,2.6467,6.9092,10.52,16.126,2.0403
1e+20,1.5739e+11,4.2556e+10,107.27,116.29,1.8701e+10,24.168,1.8236e+10,1.2142,1.3737,4.3986,8.6911,11.915,1.1328
1e+20,1.9631e+11,6.1304e+10,238.08,264.2,3.7982e+10,51.892,2.6511e+10,29.42,3.6058,10.552,17.045,34.842,11.992
1e+20,1.9528e+11,6.0736e+10,234.82,260.85,3.7709e+10,51.211,2.6341e+10,28.931,3.5495,10.433,16.897,34.441,11.769
1e+20,1.942e+11,6.0146e+10,231.41,257.31,3.7418e+10,50.501,2.6161e+10,28.426,3.4924,10.31,16.743,34.025,11.54
1e+20,1.9305e+11,5.9533e+10,227.85,253.58,3.7108e+10,49.76,2.5973e+10,27.905,3.4346,10.184,16.583,33.595,11.307
1e+20,1.9184e+11,5.8897e+10,224.13,249.67,3.6777e+10,48.988,2.5774e+10,27.365,3.3759,10.054,16.417,33.15,11.068
1e+20,1.9057e+11,5.8236e+10,220.25,245.56,3.6425e+10,48.184,2.5565e+10,26.808,3.3164,9.9203,16.245,32.689,10.824
1e+20,1.8924e+11,5.7548e+10,216.2,241.25,3.6051e+10,47.348,2.5345e+10,26.233,3.256,9.7829,16.066,32.211,10.574
1e+20,1.8783e+11,5.6833e+10,211.99,236.74,3.5653e+10,46.477,2.5113e+10,25.639,3.1947,9.6412,15.88,31.716,10.319
1e+20,1.8634e+11,5.6089e+10,207.59,232.01,3.5229e+10,45.57,2.4868e+10,25.026,3.1325,9.4952,15.687,31.202,10.058
1e+20,1.8477e+11,5.5314e+10,203.02,227.06,3.478e+10,44.627,2.461e+10,24.393,3.0693,9.3446,15.485,30.669,9.7905
1e+20,1.8312e+11,5.4506e+10,198.25,221.88,3.4302e+10,43.645,2.4338e+10,23.74,3.0051,9.189,15.274,30.115,9.5169
1e+20,1.8137e+11,5.3663e+10,193.29,216.46,3.3793e+10,42.623,2.405e+10,23.065,2.9397,9.0282,15.053,29.539,9.2366
1e+20,1.7952e+11,5.2783e+10,188.12,210.79,3.3253e+10,41.558,2.3745e+10,22.368,2.8732,8.8617,14.823,28.939,8.9494
1e+20,1.7757e+11,5.1862e+10,182.73,204.86,3.2676e+10,40.448,2.3423e+10,21.648,2.8054,8.689,14.581,28.313,8.6549
1e+20,1.755e+11,5.0898e+10,177.11,198.65,3.2062e+10,39.29,2.308e+10,20.904,2.7362,8.5097,14.326,27.66,8.3527
1e+20,1.733e+11,4.9886e+10,171.25,192.16,3.1406e+10,38.081,2.2715e+10,20.134,2.6655,8.3231,14.058,26.975,8.0423
1e+20,1.7095e+11,4.8821e+10,165.14,185.35,3.0704e+10,36.818,2.2325e+10,19.337,2.5932,8.1283,13.774,26.258,7.723
1e+20,1.6845e+11,4.7699e+10,158.74,178.21,2.995e+10,35.495,2.1908e+10,18.511,2.5189,7.9244,13.472,25.502,7.3941
1e+20,1.6578e+11,4.6511e+10,152.05,170.71,2.914e+10,34.108,2.146e+10,17.653,2.4425,7.7103,13.151,24.705,7.0548
1e+20,1.629e+11,4.525e+10,145.03,162.83,2.8265e+10,32.649,2.0976e+10,16.761,2.3637,7.4845,12.807,23.86,6.704
1e+20,1.5979e+11,4.3905e+10,137.65,154.52,2.7316e+10,31.111,2.0451e+10,15.832,2.282,7.2451,12.435,22.961,6.3403
1e+20,1.5642e+11,4.2462e+10,129.88,145.73,2.6282e+10,29.483,1.9876e+10,14.86,2.1968,6.9896,12.032,21.998,5.9619
1e+20,1.5273e+11,4.0902e+10,121.65,136.41,2.5147e+10,27.752,1.9243e+10,13.842,2.1075,6.7147,11.591,20.959,5.5667
1e+20,1.4865e+11,3.9202e+10,112.89,126.48,2.389e+10,25.9,1.8537e+10,12.768,2.0128,6.4158,11.101,19.828,5.1516
1e+20,1.4408e+11,3.7326e+10,103.51,115.82,2.2482e+10,23.903,1.7738e+10,11.63,1.9112,6.0862,10.551,18.583,4.7122
1e+20,1.3888e+11,3.5218e+10,93.356,104.28,2.088e+10,21.724,1.6817e+10,10.412,1.8,5.7154,9.9192,17.19,4.2423
1e+20,1.328e+11,3.2792e+10,82.214,91.601,1.9017e+10,19.306,1.5723e+10,9.0912,1.6747,5.2866,9.1741,15.595,3.732
1e+20,1.2536e+11,2.9884e+10,69.691,77.362,1.6773e+10,16.552,1.4366e+10,7.6273,1.5267,4.768,8.2566,13.703,3.1636
1e+20,1.1552e+11,2.6131e+10,54.993,60.692,1.3904e+10,13.256,1.2543e+10,5.9383,1.3358,4.09,7.0404,11.318,2.5008
1e+20,9.9471e+10,2.0329e+10,35.81,39.095,9.691e+09,8.828,9.6026e+09,3.7879,1.0336,3.0323,5.1398,7.861,1.6369
1e+20,1.9632e+11,6.133e+10,240.42,264.91,3.9994e+10,55.29,2.691e+10,33.925,23.836,24.469,16.163,26.536,2.6068
1e+20,1.9529e+11,6.0764e+10,237.17,261.53,3.9695e+10,54.606,2.6747e+10,33.401,23.477,24.204,16.013,26.17,2.5378
1e+20,1.942e+11,6.0176e+10,233.76,257.97,3.9376e+10,53.892,2.6575e+10,32.859,23.106,23.928,15.857,25.792,2.4679
1e+20,1.9306e+11,5.9565e+10,230.2,254.22,3.9036e+10,53.148,2.6393e+10,32.298,22.724,23.641,15.695,25.401,2.397
1e+20,1.9185e+11,5.893e+10,226.48,250.27,3.8673e+10,52.372,2.6202e+10,31.719,22.33,23.343,15.527,24.996,2.3251
1e+20,1.9057e+11,5.827e+10,222.6,246.13,3.8287e+10,51.563,2.6001e+10,31.121,21.923,23.033,15.352,24.576,2.2522
1e+20,1.8923e+11,5.7584e+10,218.55,241.78,3.7876e+10,50.72,2.5788e+10,30.503,21.504,22.709,15.17,24.142,2.1783
1e+20,1.8781e+11,5.687e+10,214.32,237.21,3.7439e+10,49.843,2.5564e+10,29.865,21.072,22.373,14.981,23.691,2.1033
1e+20,1.8631e+11,5.6126e+10,209.91,232.42,3.6974e+10,48.928,2.5328e+10,29.206,20.626,22.023,14.784,23.223,2.0272
1e+20,1.8473e+11,5.5352e+10,205.31,227.41,3.6479e+10,47.975,2.5078e+10,28.525,20.165,21.657,14.578,22.736,1.9499
1e+20,1.8307e+11,5.4543e+10,200.51,222.15,3.5953e+10,46.982,2.4814e+10,27.82,19.689,21.276,14.363,22.23,1.8714
1e+20,1.813e+11,5.3699e+10,195.51,216.65,3.5393e+10,45.946,2.4535e+10,27.092,19.198,20.877,14.138,21.702,1.7915
1e+20,1.7943e+11,5.2817e+10,190.29,210.88,3.4795e+10,44.865,2.4238e+10,26.339,18.69,20.46,13.901,21.152,1.7103
1e+20,1.7745e+11,5.1893e+10,184.84,204.83,3.4158e+10,43.736,2.3923e+10,25.559,18.163,20.023,13.653,20.575,1.6276
1e+20,1.7535e+11,5.0924e+10,179.15,198.49,3.3477e+10,42.556,2.3588e+10,24.751,17.618,19.565,13.39,19.971,1.5433
1e+20,1.7311e+11,4.9905e+10,173.19,191.84,3.2748e+10,41.319,2.3229e+10,23.913,17.052,19.082,13.113,19.336,1.4573
1e+20,1.7071e+11,4.8831e+10,166.96,184.85,3.1966e+10,40.022,2.2845e+10,23.041,16.464,18.573,12.818,18.667,1.3694
1e+20,1.6815e+11,4.7696e+10,160.43,177.5,3.1124e+10,38.659,2.2432e+10,22.134,15.85,18.034,12.504,17.957,1.2794
1e+20,1.654e+11,4.6492e+10,153.57,169.76,3.0214e+10,37.222,2.1986e+10,21.187,15.21,17.462,12.166,17.203,1.1871
1e+20,1.6243e+11,4.5207e+10,146.33,161.58,2.9228e+10,35.702,2.15e+10,20.197,14.538,16.851,11.802,16.395,1.0922
1e+20,1.592e+11,4.3831e+10,138.69,152.91,2.8152e+10,34.087,2.0969e+10,19.156,13.83,16.195,11.406,15.525,0.99427
1e+20,1.5566e+11,4.2344e+10,130.57,143.68,2.6969e+10,32.361,2.0381e+10,18.057,13.081,15.485,10.97,14.577,0.8928
1e+20,1.5175e+11,4.0724e+10,121.89,133.81,2.5658e+10,30.504,1.9725e+10,16.889,12.283,14.711,10.484,13.533,0.78702
1e+20,1.4737e+11,3.8934e+10,112.54,123.16,2.4185e+10,28.483,1.8978e+10,15.636,11.422,13.854,9.9317,12.361,0.67577
1e+20,1.4237e+11,3.692e+10,102.34,111.52,2.25e+10,26.251,1.8111e+10,14.274,10.48,12.887,9.2869,11.01,0.55718
1e+20,1.3646e+11,3.4584e+10,90.954,98.544,2.0517e+10,23.722,1.7066e+10,12.757,9.4233,11.765,8.498,9.3757,0.42764
1e+20,1.2907e+11,3.1716e+10,77.701,83.462,1.8051e+10,20.715,1.5722e+10,10.992,8.1806,10.389,7.4283,7.1817,0.278
1e+20,1.1729e+11,2.728e+10,58.721,61.897,1.4129e+10,16.261,1.3476e+10,8.4608,6.3635,8.2394,3.6702,1.414,0.030742
1e+20,1.9625e+11,6.123e+10,236.8,263.97,3.8081e+10,50.949,2.6314e+10,28.52,13.268,11.121,17.048,34.734,11.764
1e+20,1.9521e+11,6.0653e+10,233.39,260.58,3.7824e+10,50.156,2.612e+10,27.932,12.979,11.062,16.901,34.322,11.516
1e+20,1.9411e+11,6.0053e+10,229.83,257.02,3.7549e+10,49.33,2.5915e+10,27.326,12.683,10.999,16.748,33.895,11.263
1e+20,1.9296e+11,5.943e+10,226.1,253.27,3.7256e+10,48.47,2.5699e+10,26.701,12.379,10.933,16.59,33.454,11.003
1e+20,1.9175e+11,5.8783e+10,222.22,249.33,3.6943e+10,47.575,2.5473e+10,26.057,12.067,10.864,16.425,32.998,10.738
1e+20,1.9047e+11,5.811e+10,218.16,245.2,3.661e+10,46.644,2.5234e+10,25.394,11.747,10.791,16.255,32.525,10.467
1e+20,1.8912e+11,5.741e+10,213.93,240.86,3.6255e+10,45.676,2.4983e+10,24.71,11.418,10.715,16.078,32.036,10.19
1e+20,1.877e+11,5.6682e+10,209.53,236.31,3.5878e+10,44.67,2.4718e+10,24.006,11.081,10.634,15.893,31.528,9.9065
1e+20,1.862e+11,5.5924e+10,204.94,231.54,3.5476e+10,43.623,2.444e+10,23.281,10.736,10.549,15.701,31.002,9.6165
1e+20,1.8462e+11,5.5134e+10,200.15,226.55,3.5048e+10,42.534,2.4145e+10,22.535,10.381,10.459,15.501,30.455,9.3196
1e+20,1.8296e+11,5.431e+10,195.17,221.31,3.4592e+10,41.401,2.3835e+10,21.766,10.017,10.363,15.292,29.887,9.0156
1e+20,1.8119e+11,5.3449e+10,189.98,215.84,3.4107e+10,40.221,2.3506e+10,20.973,9.6432,10.262,15.073,29.295,8.7041
1e+20,1.7933e+11,5.2549e+10,184.56,210.1,3.3589e+10,38.993,2.3157e+10,20.157,9.2594,10.154,14.844,28.678,8.3846
1e+20,1.7736e+11,5.1607e+10,178.91,204.08,3.3035e+10,37.712,2.2787e+10,19.315,8.8649,10.04,14.603,28.033,8.0567
1e+20,1.7526e+11,5.0619e+10,173.02,197.77,3.2442e+10,36.375,2.2394e+10,18.446,8.4593,9.9168,14.349,27.358,7.7197
1e+20,1.7304e+11,4.9579e+10,166.86,191.15,3.1807e+10,34.978,2.1974e+10,17.549,8.0417,9.7849,14.081,26.649,7.3729
1e+20,1.7066e+11,4.8484e+10,160.41,184.2,3.1123e+10,33.516,2.1524e+10,16.622,7.6115,9.6426,13.796,25.903,7.0155
1e+20,1.6812e+11,4.7325e+10,153.65,176.87,3.0384e+10,31.983,2.104e+10,15.663,7.1675,9.4882,13.492,25.114,6.6464
1e+20,1.654e+11,4.6095e+10,146.55,169.15,2.9584e+10,30.37,2.0517e+10,14.668,6.7086,9.3198,13.167,24.276,6.2642
1e+20,1.6246e+11,4.4783e+10,139.07,160.97,2.8712e+10,28.667,1.9948e+10,13.635,6.2332,9.1345,12.816,23.381,5.8673
1e+20,1.5927e+11,4.3375e+10,131.15,152.29,2.7754e+10,26.863,1.9325e+10,12.558,5.7392,8.9287,12.433,22.419,5.4534
1e+20,1.5578e+11,4.1852e+10,122.72,143.02,2.6694e+10,24.939,1.8634e+10,11.433,5.2239,8.6975,12.013,21.374,5.0194
1e+20,1.5193e+11,4.0188e+10,113.69,133.05,2.5506e+10,22.873,1.786e+10,10.251,4.6835,8.4335,11.543,20.226,4.5611
1e+20,1.4762e+11,3.8343e+10,103.91,122.21,2.4152e+10,20.628,1.6975e+10,8.9989,4.1126,8.1256,11.009,18.944,4.0722
1e+20,1.4268e+11,3.6251e+10,93.139,110.24,2.2572e+10,18.149,1.5936e+10,7.6594,3.5024,7.7551,10.384,17.474,3.5425
1e+20,1.3683e+11,3.3792e+10,80.931,96.641,2.0652e+10,15.335,1.466e+10,6.1996,2.8377,7.2867,9.6176,15.721,2.9541
1e+20,1.2942e+11,3.0688e+10,66.28,80.284,1.8132e+10,11.97,1.2956e+10,4.5506,2.0864,6.6369,8.5923,13.462,2.2674
1e+20,1.1792e+11,2.5834e+10,45.445,56.943,1.4025e+10,7.3263,1.0078e+10,2.4922,1.1454,5.4746,6.8496,9.8648,1.3517
1e+20,1.963e+11,6.1299e+10,242.77,266.17,4.2652e+10,59.396,2.7183e+10,40.823,25.931,24.941,7.974,28.249,12.073
1e+20,1.9527e+11,6.073e+10,239.44,262.82,4.2347e+10,58.614,2.7006e+10,40.141,25.518,24.666,7.9238,27.916,11.847
1e+20,1.9418e+11,6.0139e+10,235.95,259.3,4.202e+10,57.8,2.682e+10,39.437,25.092,24.38,7.8716,27.573,11.616
1e+20,1.9304e+11,5.9525e+10,232.31,255.59,4.1672e+10,56.952,2.6625e+10,38.71,24.653,24.084,7.8175,27.219,11.381
1e+20,1.9183e+11,5.8888e+10,228.51,251.7,4.1301e+10,56.069,2.6419e+10,37.96,24.201,23.776,7.7612,26.853,11.14
1e+20,1.9056e+11,5.8225e+10,224.55,247.61,4.0907e+10,55.151,2.6203e+10,37.186,23.735,23.456,7.7027,26.475,10.895
1e+20,1.8922e+11,5.7537e+10,220.43,243.32,4.0487e+10,54.195,2.5975e+10,36.388,23.256,23.123,7.6418,26.085,10.644
1e+20,1.8781e+11,5.6821e+10,216.13,238.83,4.0042e+10,53.201,2.5735e+10,35.565,22.762,22.778,7.5782,25.681,10.388
1e+20,1.8633e+11,5.6076e+10,211.65,234.13,3.9568e+10,52.168,2.5483e+10,34.716,22.253,22.419,7.5119,25.263,10.127
1e+20,1.8476e+11,5.53e+10,206.99,229.2,3.9064e+10,51.093,2.5217e+10,33.841,21.73,22.045,7.4426,24.83,9.86
1e+20,1.8311e+11,5.4492e+10,202.14,224.05,3.8529e+10,49.974,2.4937e+10,32.938,21.19,21.656,7.3699,24.382,9.5872
1e+20,1.8136e+11,5.3649e+10,197.09,218.65,3.796e+10,48.811,2.464e+10,32.007,20.633,21.251,7.2937,23.916,9.3083
1e+20,1.7952e+11,5.2769e+10,191.83,213.01,3.7355e+10,47.6,2.4327e+10,31.046,20.059,20.828,7.2135,23.433,9.023
1e+20,1.7757e+11,5.1848e+10,186.35,207.11,3.671e+10,46.339,2.3995e+10,30.055,19.466,20.387,7.1288,22.93,8.731
1e+20,1.755e+11,5.0885e+10,180.65,200.94,3.6022e+10,45.024,2.3642e+10,29.031,18.854,19.925,7.0393,22.406,8.4318
1e+20,1.733e+11,4.9873e+10,174.7,194.47,3.5288e+10,43.653,2.3267e+10,27.973,18.221,19.44,6.9443,21.858,8.1251
1e+20,1.7096e+11,4.881e+10,168.49,187.7,3.4502e+10,42.22,2.2867e+10,26.878,17.565,18.931,6.843,21.285,7.8102
1e+20,1.6847e+11,4.7689e+10,162.01,180.59,3.3659e+10,40.722,2.2439e+10,25.745,16.885,18.395,6.7345,20.683,7.4865
1e+20,1.658e+11,4.6503e+10,155.22,173.13,3.2752e+10,39.151,2.1978e+10,24.57,16.179,17.829,6.6178,20.05,7.1531
1e+20,1.6293e+11,4.5245e+10,148.12,165.29,3.1774e+10,37.501,2.1482e+10,23.35,15.444,17.229,6.4913,19.38,6.8091
1e+20,1.5983e+11,4.3904e+10,140.65,157.01,3.0713e+10,35.762,2.0942e+10,22.079,14.676,16.59,6.3534,18.668,6.4532
1e+20,1.5646e+11,4.2466e+10,132.78,148.27,2.9556e+10,33.924,2.0353e+10,20.753,13.871,15.905,6.2015,17.907,6.0837
1e+20,1.5278e+11,4.0914e+10,124.47,139,2.8288e+10,31.972,1.9704e+10,19.365,13.024,15.168,6.0326,17.089,5.6986
1e+20,1.4872e+11,3.9224e+10,115.63,129.12,2.6886e+10,29.886,1.898e+10,17.903,12.128,14.366,5.842,16.201,5.295
1e+20,1.4418e+11,3.7361e+10,106.18,118.52,2.5317e+10,27.64,1.8162e+10,16.356,11.172,13.484,5.6235,15.226,4.8689
1e+20,1.3902e+11,3.5274e+10,95.978,107.05,2.3538e+10,25.195,1.7221e+10,14.704,10.141,12.501,5.367,14.138,4.4143
1e+20,1.3299e+11,3.2881e+10,84.816,94.48,2.1479e+10,22.491,1.6108e+10,12.918,9.0137,11.381,5.0565,12.898,3.9221
1e+20,1.2568e+11,3.0033e+10,72.343,80.415,1.9019e+10,19.425,1.4737e+10,10.946,7.7495,10.064,4.6628,11.436,3.376
1e+20,1.1612e+11,2.6413e+10,57.866,64.092,1.5922e+10,15.798,1.2926e+10,8.6895,6.2708,8.4291,4.124,9.6142,2.7432
1e+20,1.0133e+11,2.108e+10,39.566,43.521,1.1568e+10,11.072,1.0149e+10,5.8854,4.3698,6.151,3.2615,7.0559,1.9337
1e+20,1.9625e+11,6.1242e+10,238.91,264.83,4.0193e+10,54.123,2.6671e+10,32.73,23.152,24.142,16.437,27.693,4.4549
1e+20,1.9521e+11,6.0666e+10,235.47,261.44,3.9922e+10,53.285,2.6476e+10,32.055,22.707,23.836,16.32,27.463,4.3225
1e+20,1.9412e+11,6.0066e+10,231.87,257.88,3.9632e+10,52.41,2.6271e+10,31.356,22.248,23.518,16.198,27.224,4.1875
1e+20,1.9296e+11,5.9443e+10,228.1,254.12,3.9323e+10,51.496,2.6054e+10,30.632,21.772,23.188,16.071,26.976,4.0497
1e+20,1.9175e+11,5.8795e+10,224.17,250.17,3.8993e+10,50.541,2.5826e+10,29.882,21.281,22.843,15.939,26.719,3.909
1e+20,1.9047e+11,5.8122e+10,220.06,246.01,3.8641e+10,49.543,2.5585e+10,29.105,20.773,22.484,15.802,26.451,3.7655
1e+20,1.8911e+11,5.7421e+10,215.76,241.65,3.8265e+10,48.501,2.5331e+10,28.301,20.247,22.11,15.659,26.173,3.619
1e+20,1.8769e+11,5.6691e+10,211.28,237.07,3.7866e+10,47.413,2.5062e+10,27.467,19.703,21.72,15.51,25.883,3.4695
1e+20,1.8619e+11,5.5931e+10,206.6,232.27,3.7439e+10,46.275,2.4778e+10,26.603,19.14,21.313,15.354,25.58,3.3167
1e+20,1.846e+11,5.5138e+10,201.72,227.23,3.6985e+10,45.084,2.4477e+10,25.706,18.556,20.886,15.191,25.265,3.1606
1e+20,1.8292e+11,5.431e+10,196.61,221.94,3.65e+10,43.838,2.4158e+10,24.775,17.949,20.44,15.02,24.934,3.001
1e+20,1.8115e+11,5.3444e+10,191.28,216.38,3.5981e+10,42.531,2.3819e+10,23.807,17.319,19.972,14.84,24.588,2.8376
1e+20,1.7927e+11,5.2538e+10,185.7,210.55,3.5426e+10,41.157,2.3457e+10,22.8,16.663,19.479,14.65,24.223,2.6703
1e+20,1.7728e+11,5.1587e+10,179.85,204.41,3.4832e+10,39.712,2.307e+10,21.749,15.978,18.959,14.45,23.839,2.4986
1e+20,1.7516e+11,5.0587e+10,173.71,197.95,3.4192e+10,38.185,2.2655e+10,20.65,15.261,18.408,14.237,23.432,2.3223
1e+20,1.729e+11,4.9532e+10,167.25,191.13,3.3502e+10,36.566,2.2208e+10,19.497,14.507,17.822,14.009,23,2.1407
1e+20,1.7049e+11,4.8416e+10,160.42,183.91,3.2754e+10,34.841,2.1723e+10,18.281,13.711,17.194,13.765,22.538,1.9532
1e+20,1.6789e+11,4.7228e+10,153.18,176.24,3.1938e+10,32.988,2.1192e+10,16.992,12.865,16.517,13.501,22.039,1.7589
1e+20,1.6508e+11,4.5956e+10,145.43,168.04,3.104e+10,30.978,2.0604e+10,15.613,11.955,15.777,13.212,21.498,1.5564
1e+20,1.6202e+11,4.4582e+10,137.04,159.17,3.0041e+10,28.762,1.9943e+10,14.115,10.963,14.954,12.891,20.901,1.3436
1e+20,1.5865e+11,4.3076e+10,127.79,149.45,2.8906e+10,26.253,1.918e+10,12.454,9.8537,14.013,12.528,20.229,1.117
1e+20,1.5485e+11,4.1382e+10,117.18,138.41,2.7571e+10,23.27,1.8253e+10,10.533,8.5548,12.878,12.1,19.444,0.86992
1e+20,1.5036e+11,3.9352e+10,103.69,124.77,2.5853e+10,19.282,1.6988e+10,8.0901,6.8618,11.327,11.548,18.441,0.5855
1e+20,1.4285e+11,3.5446e+10,71.333,94.391,2.1885e+10,9.9317,1.3464e+10,3.3122,3.2132,7.2053,10.247,16.13,0.16851
